zip_code,city,region,date,max_temp_f,min_temp_f,condition
90045,Los Angeles,California,2026-10-04,93.7,79.9,Sunny
90045,Los Angeles,California,2026-10-05,91.0,79.7,Sunny
90045,Los Angeles,California,2026-10-06,86.5,77.2,Sunny
10001,New York,New York,2026-10-04,64.8,60.5,Overcast
10001,New York,New York,2026-10-05,68.4,58.3,Overcast
10001,New York,New York,2026-10-06,65.7,50.0,Sunny
60601,Chicago,Illinois,2026-10-04,70.5,57.7,Sunny
60601,Chicago,Illinois,2026-10-05,63.1,56.7,Sunny
60601,Chicago,Illinois,2026-10-06,71.7,54.2,Sunny
98101,Seattle,Washington,2026-10-04,75.8,53.1,Sunny
98101,Seattle,Washington,2026-10-05,71.7,53.9,Sunny
98101,Seattle,Washington,2026-10-06,68.9,51.8,Sunny
33101,Miami,Florida,2026-10-04,87.1,83.0,Sunny
33101,Miami,Florida,2026-10-05,86.4,82.4,Patchy rain nearby
33101,Miami,Florida,2026-10-06,86.2,81.4,Patchy rain nearby
77001,Houston,Texas,2026-10-04,80.2,73.9,Patchy rain nearby
77001,Houston,Texas,2026-10-05,87.4,72.8,Cloudy
77001,Houston,Texas,2026-10-06,89.4,73.4,Cloudy
85001,Phoenix,Arizona,2026-10-04,96.3,81.7,Sunny
85001,Phoenix,Arizona,2026-10-05,95.4,82.7,Sunny
85001,Phoenix,Arizona,2026-10-06,95.1,84.0,Sunny
19101,Philadelphia,Pennsylvania,2026-10-04,63.2,59.2,Overcast
19101,Philadelphia,Pennsylvania,2026-10-05,67.7,56.3,Sunny
19101,Philadelphia,Pennsylvania,2026-10-06,64.3,49.5,Sunny
78201,San Antonio,Texas,2026-10-04,76.5,72.1,Cloudy
78201,San Antonio,Texas,2026-10-05,85.4,71.7,Sunny
78201,San Antonio,Texas,2026-10-06,87.3,69.2,Sunny
92101,San Diego,California,2026-10-04,85.5,80.4,Sunny
92101,San Diego,California,2026-10-05,85.6,78.2,Sunny
92101,San Diego,California,2026-10-06,82.1,76.8,Sunny
75201,Dallas,Texas,2026-10-04,82.8,71.0,Patchy rain nearby
75201,Dallas,Texas,2026-10-05,83.6,72.7,Sunny
75201,Dallas,Texas,2026-10-06,85.0,68.8,Sunny
95101,San Jose,California,2026-10-04,98.8,69.1,Overcast
95101,San Jose,California,2026-10-05,98.0,67.4,Sunny
95101,San Jose,California,2026-10-06,98.3,68.3,Sunny
78701,Austin,Texas,2026-10-04,76.7,72.1,Patchy rain nearby
78701,Austin,Texas,2026-10-05,85.5,71.5,Sunny
78701,Austin,Texas,2026-10-06,87.7,70.3,Sunny
30301,Atlanta,Georgia,2026-10-04,77.0,68.6,Light rain shower
30301,Atlanta,Georgia,2026-10-05,83.5,68.0,Mist
30301,Atlanta,Georgia,2026-10-06,81.2,66.0,Sunny
28201,Charlotte,North Carolina,2026-10-04,75.5,61.8,Overcast
28201,Charlotte,North Carolina,2026-10-05,80.0,65.4,Sunny
28201,Charlotte,North Carolina,2026-10-06,76.6,58.5,Sunny
80201,Denver,Colorado,2026-10-04,80.5,54.2,Sunny
80201,Denver,Colorado,2026-10-05,85.4,59.9,Sunny
80201,Denver,Colorado,2026-10-06,83.3,61.5,Overcast
37201,Nashville,Tennessee,2026-10-04,79.1,66.4,Overcast
37201,Nashville,Tennessee,2026-10-05,79.8,59.2,Sunny
37201,Nashville,Tennessee,2026-10-06,82.6,56.9,Sunny
97201,Portland,Oregon,2026-10-04,82.4,56.8,Sunny
97201,Portland,Oregon,2026-10-05,78.8,57.4,Sunny
97201,Portland,Oregon,2026-10-06,75.1,54.8,Sunny
89101,Las Vegas,Nevada,2026-10-04,94.3,71.7,Sunny
89101,Las Vegas,Nevada,2026-10-05,92.0,70.3,Sunny
89101,Las Vegas,Nevada,2026-10-06,93.0,71.7,Sunny
63101,Saint Louis,Missouri,2026-10-04,80.6,57.6,Sunny
63101,Saint Louis,Missouri,2026-10-05,76.8,52.7,Sunny
63101,Saint Louis,Missouri,2026-10-06,82.1,57.0,Sunny
